# Pass Information:,,,,,,,,,,,,,,,,,,
#  satname=METOP-1                     # Satellite name (NOAA-18,METOP-1,etc.),,,,,,,,,,,,,,,,
#  satid=noa1                          # Satellite ID (noa1,noai,eam1,etc.),,,,,,,,,,,,,,,
#  passid=23096191807                  # Pass ID (noa1,noai,eam1,etc.),,,,,,,,,,,,,,,
#  passdate=20230406191807             # Pass date (yyyyMMDDhhmmss),,,,,,,,,,,,,,,,,,
#  pass_start=2023-04-06T19:18:07      # Pass start (yyyy-DD-DDThh:mm:ss),,,,,,,,,,,,,,,,,,
#  max_elev=3.5                        # Elevation at Point of Closest Approach (degree),,,,,,,,,,,,,,,,,,
#  max_azim=309.6                      # Azimuth at Point of Closest Approach (degree),,,,,,,,,,,,,,,,,,
#  pass_length=461                     # Pass length in seconds,,,,,,,,,,,,,,,,,,
#  rcvr_type=1                         # Receiver type (1=OSL,2=GSI,3=MK-II),,,,,,,,,,,,,,,,
#  beacon=1701.3                       # Beason Frequency (MHz),,,,,,,,,,,,,,,,,,
#  tracking=1                          # Tracking Mode (1=ACU,2=CPU,,,,,,,,,,,,,,,,,
#  ant_lat=40.131010                   # Antenna latitude (+/- North/South),,,,,,,,,,,,,,,,,,
#  ant_lon=-105.241130                 # Antenna longitude (+/- East/West),,,,,,,,,,,,,,,,,,
#  ant_alt=1680.0                      # Antenna altitude (meter),,,,,,,,,,,,,,,,,,
#  n_pts=461                           # Nbr of tracking points,,,,,,,,,,,,,,,,,,
#  n_known=57650                       # Frames with known length,,,,,,,,,,,,,,,,,,
#  n_unknown=0                         # Frames with unknown length,,,,,,,,,,,,,,,,,,
#  max_fps=428                         # Max. frames per second,,,,,,,,,,,,,,,,,,
#,,,,,,,,,,,,,,,,,,
# Tracking/Reception/Ingestion Information:,,,,,,,,,,,,,,,,,,
#  Column  1: index,,,,,,,,,,,,,,,,,,
#  Column  2: date-time,,,,,,,,,,,,,,,,,,
#  Column  3: elevation (0 - 180),,,,,,,,,,,,,,,,,,
#  Column  4: azimuth (0 - 360),,,,,,,,,,,,,,,,,,
#  Column  5: feed lock status (-1/0/1),,,,,,,,,,,,,,,,,,
#  Column  6: receiver status (0/1/2/3),,,,,,,,,,,,,,,,,,
#  Column  7: ingest bit sync status (0/1),,,,,,,,,,,,,,,,,,
#  Column  8: ingest frame sync status (0/1),,,,,,,,,,,,,,,,,,
#  Column  9: Sum of columns 6,7,and 8,,,,,,,,,,,,,,,,
#  Column 10: receiver strength (dBm). No unit if rcvr_type is 2 or 3),,,,,,,,,,,,,,,,,,
#  Column 11: receiver current (no unit). (rcvr_type 2 only),,,,,,,,,,,,,,,,,,
#  Column 12: Eb/No if R-S Symbol locked. (rcvr_type 1 only),,,,,,,,,,,,,,,,,,
#  Column 13: Approx. of uncorrectted bit error rate. (rcvr_type 1 only),,,,,,,,,,,,,,,,,,
#  Column 14: Ingested frames.,,,,,,,,,,,,,,,,,,
#  Column 15: Missing frames (HRPT only).,,,,,,,,,,,,,,,,,,
#  Column 16: Uncorrect frames (CCSDS) or frames with bit errors (HRPT).,,,,,,,,,,,,,,,,,,
#  Column 17: Sync/Aux/Spare bits checked.,,,,,,,,,,,,,,,,,,
#  Column 18: Sync/Aux/Spare bits in error.,,,,,,,,,,,,,,,,,,
#  Column 19: FAIL=missing frames or frame/bit errors. Otherwise PASS.,,,,,,,,,,,,,,,,,,
#,,,,,,,,SUM,,,,,,,,,,
NDX,yyyy-MM-DD,Elev,Azim,FL,RS,BS,FS,FRI,Signal,Current,Eb/No,~uBER,INGEST,MISS,ERROR,BITs,BADs,PASS/FAIL
0,2023-04-06 19:18:05,0.01,340.31,-1,0,0,0,0,-65.6,0,0,-1.00E+07,0,-428,0,0,0,FAIL
1,2023-04-06 19:18:06,0.01,340.09,-1,0,0,0,0,-65.6,0,0,-1.00E+07,0,-428,0,0,0,FAIL
2,2023-04-06 19:18:07,0.01,339.98,-1,0,0,0,0,-65.6,0,0,-1.00E+07,0,-428,0,0,0,FAIL
3,2023-04-06 19:18:08,0.01,339.86,-1,0,0,0,0,-65.6,0,0,-1.00E+07,0,-428,0,0,0,FAIL
4,2023-04-06 19:18:09,0.01,339.75,-1,0,0,0,0,-65.6,0,0,-1.00E+07,0,-428,0,0,0,FAIL
5,2023-04-06 19:18:10,0.01,339.64,-1,0,0,0,0,-65.6,0,0,-1.00E+07,0,-428,0,0,0,FAIL
6,2023-04-06 19:18:11,0.01,339.53,-1,0,0,0,0,-65.5,0,0,-1.00E+07,0,-428,0,0,0,FAIL
7,2023-04-06 19:18:12,0.01,339.42,-1,0,0,0,0,-65.6,0,0,-1.00E+07,0,-428,0,0,0,FAIL
8,2023-04-06 19:18:13,0.01,339.3,-1,0,0,0,0,-65.6,0,0,-1.00E+07,0,-428,0,0,0,FAIL
9,2023-04-06 19:18:14,0.01,339.19,-1,0,0,0,0,-65.6,0,0,-1.00E+07,0,-428,0,0,0,FAIL
10,2023-04-06 19:18:15,0.01,339.08,-1,0,0,0,0,-65.6,0,0,-1.00E+07,0,-428,0,0,0,FAIL
11,2023-04-06 19:18:16,0.01,338.96,-1,0,0,0,0,-65.6,0,0,-1.00E+07,0,-428,0,0,0,FAIL
12,2023-04-06 19:18:17,0.01,338.85,-1,0,0,0,0,-65.6,0,0,-1.00E+07,0,-428,0,0,0,FAIL
13,2023-04-06 19:18:18,0.01,338.74,-1,0,0,0,0,-65.5,0,0,-1.00E+07,0,-428,0,0,0,FAIL
14,2023-04-06 19:18:19,0.01,338.62,-1,0,0,0,0,-65.5,0,0,-1.00E+07,0,-428,0,0,0,FAIL
15,2023-04-06 19:18:20,0.01,338.51,-1,0,0,0,0,-65.6,0,0,-1.00E+07,0,-428,0,0,0,FAIL
16,2023-04-06 19:18:21,0.01,338.4,-1,0,0,0,0,-65.5,0,0,-1.00E+07,0,-428,0,0,0,FAIL
17,2023-04-06 19:18:22,0.01,338.28,-1,0,0,0,0,-65.5,0,0,-1.00E+07,0,-428,0,0,0,FAIL
18,2023-04-06 19:18:23,0.01,338.17,-1,0,0,0,0,-65.6,0,0,-1.00E+07,0,-428,0,0,0,FAIL
19,2023-04-06 19:18:24,0.03,338.06,-1,0,0,0,0,-65.6,0,0,-1.00E+07,0,-428,0,0,0,FAIL
20,2023-04-06 19:18:25,0.05,337.95,-1,0,0,0,0,-65.6,0,0,-1.00E+07,0,-428,0,0,0,FAIL
21,2023-04-06 19:18:26,0.09,337.84,-1,0,0,0,0,-65.5,0,0,-1.00E+07,0,-428,0,0,0,FAIL
22,2023-04-06 19:18:27,0.11,337.73,-1,0,0,0,0,-65.5,0,0,-1.00E+07,0,-428,0,0,0,FAIL
23,2023-04-06 19:18:28,0.14,337.61,-1,0,0,0,0,-65.6,0,0,-1.00E+07,0,-428,0,0,0,FAIL
24,2023-04-06 19:18:29,0.16,337.49,-1,0,0,0,0,-65.5,0,0,-1.00E+07,0,-428,0,0,0,FAIL
25,2023-04-06 19:18:30,0.19,337.37,-1,0,0,0,0,-65.5,0,0,-1.00E+07,0,-428,0,0,0,FAIL
26,2023-04-06 19:18:31,0.22,337.25,-1,0,0,0,0,-65.6,0,0,-1.00E+07,0,-428,0,0,0,FAIL
27,2023-04-06 19:18:32,0.25,337.13,-1,0,0,0,0,-65.6,0,0,-1.00E+07,0,-428,0,0,0,FAIL
28,2023-04-06 19:18:33,0.26,337.01,-1,0,0,0,0,-65.5,0,0,-1.00E+07,0,-428,0,0,0,FAIL
29,2023-04-06 19:18:34,0.3,336.88,-1,0,0,0,0,-65.6,0,0,-1.00E+07,0,-428,0,0,0,FAIL
30,2023-04-06 19:18:35,0.32,336.76,-1,0,0,0,0,-65.5,0,0,-1.00E+07,0,-428,0,0,0,FAIL
31,2023-04-06 19:18:36,0.35,336.64,-1,0,0,0,0,-65.5,0,0,-1.00E+07,0,-428,0,0,0,FAIL
32,2023-04-06 19:18:37,0.37,336.52,-1,0,0,0,0,-65.6,0,0,-1.00E+07,0,-428,0,0,0,FAIL
33,2023-04-06 19:18:38,0.39,336.4,-1,0,0,0,0,-65.5,0,0,-1.00E+07,0,-428,0,0,0,FAIL
34,2023-04-06 19:18:39,0.43,336.28,-1,0,0,0,0,-65.4,0,0,-1.00E+07,0,-428,0,0,0,FAIL
35,2023-04-06 19:18:40,0.46,336.15,-1,0,0,0,0,-65.6,0,0,-1.00E+07,0,-428,0,0,0,FAIL
36,2023-04-06 19:18:41,0.48,336.03,-1,0,0,0,0,-65.6,0,0,-1.00E+07,0,-428,0,0,0,FAIL
37,2023-04-06 19:18:42,0.5,335.91,-1,0,0,0,0,-65.6,0,0,-1.00E+07,0,-428,0,0,0,FAIL
38,2023-04-06 19:18:43,0.53,335.79,-1,0,0,0,0,-65.7,0,0,-1.00E+07,0,-428,0,0,0,FAIL
39,2023-04-06 19:18:44,0.56,335.68,-1,0,0,0,0,-65.6,0,0,-1.00E+07,0,-428,0,0,0,FAIL
40,2023-04-06 19:18:45,0.58,335.57,-1,0,0,0,0,-65.7,0,0,-1.00E+07,0,-428,0,0,0,FAIL
41,2023-04-06 19:18:46,0.6,335.45,-1,0,0,0,0,-65.5,0,0,-1.00E+07,0,-428,0,0,0,FAIL
42,2023-04-06 19:18:47,0.63,335.32,-1,0,0,0,0,-65.6,0,0,-1.00E+07,0,-428,0,0,0,FAIL
43,2023-04-06 19:18:48,0.66,335.2,-1,0,0,0,0,-65.6,0,0,-1.00E+07,0,-428,0,0,0,FAIL
44,2023-04-06 19:18:49,0.69,335.08,-1,0,0,0,0,-65.6,0,0,-1.00E+07,0,-428,0,0,0,FAIL
45,2023-04-06 19:18:50,0.71,334.96,-1,0,0,0,0,-65.6,0,0,-1.00E+07,0,-428,0,0,0,FAIL
46,2023-04-06 19:18:51,0.73,334.84,-1,0,0,0,0,-65.6,0,0,-1.00E+07,0,-428,0,0,0,FAIL
47,2023-04-06 19:18:52,0.76,334.72,-1,0,0,0,0,-65.7,0,0,-1.00E+07,0,-428,0,0,0,FAIL
48,2023-04-06 19:18:53,0.79,334.6,-1,0,0,0,0,-65.7,0,0,-1.00E+07,0,-428,0,0,0,FAIL
49,2023-04-06 19:18:54,0.81,334.48,-1,0,0,0,0,-65.7,0,0,-1.00E+07,0,-428,0,0,0,FAIL
50,2023-04-06 19:18:55,0.83,334.36,-1,0,0,0,0,-65.7,0,0,-1.00E+07,0,-428,0,0,0,FAIL
51,2023-04-06 19:18:56,0.86,334.24,-1,0,0,0,0,-65.7,0,0,-1.00E+07,0,-428,0,0,0,FAIL
52,2023-04-06 19:18:57,0.88,334.12,-1,0,0,0,0,-65.7,0,0,-1.00E+07,0,-428,0,0,0,FAIL
53,2023-04-06 19:18:58,0.91,334,-1,0,0,0,0,-65.6,0,0,-1.00E+07,0,-428,0,0,0,FAIL
54,2023-04-06 19:18:59,0.93,333.87,-1,0,0,0,0,-65.7,0,0,-1.00E+07,0,-428,0,0,0,FAIL
55,2023-04-06 19:19:00,0.95,333.75,-1,0,0,0,0,-65.7,0,0,-1.00E+07,0,-428,0,0,0,FAIL
56,2023-04-06 19:19:01,0.98,333.63,-1,0,0,0,0,-65.8,0,0,-1.00E+07,0,-428,0,0,0,FAIL
57,2023-04-06 19:19:02,1,333.53,-1,0,0,0,0,-65.7,0,0,-1.00E+07,0,-428,0,0,0,FAIL
58,2023-04-06 19:19:03,1.03,333.41,-1,0,0,0,0,-65.7,0,0,-1.00E+07,0,-428,0,0,0,FAIL
59,2023-04-06 19:19:04,1.04,333.29,-1,0,0,0,0,-65.7,0,0,-1.00E+07,0,-428,0,0,0,FAIL
60,2023-04-06 19:19:05,1.06,333.17,-1,0,0,0,0,-65.7,0,0,-1.00E+07,0,-428,0,0,0,FAIL
61,2023-04-06 19:19:06,1.1,333.05,-1,0,0,0,0,-65.8,0,0,-1.00E+07,0,-428,0,0,0,FAIL
62,2023-04-06 19:19:07,1.12,332.93,-1,0,0,0,0,-65.8,0,0,-1.00E+07,0,-428,0,0,0,FAIL
63,2023-04-06 19:19:08,1.15,332.81,-1,0,0,0,0,-65.8,0,0,-1.00E+07,0,-428,0,0,0,FAIL
64,2023-04-06 19:19:09,1.16,332.69,-1,0,0,0,0,-65.8,0,0,-1.00E+07,0,-428,0,0,0,FAIL
65,2023-04-06 19:19:10,1.19,332.57,-1,0,0,0,0,-65.8,0,0,-1.00E+07,0,-428,0,0,0,FAIL
66,2023-04-06 19:19:11,1.21,332.44,-1,0,0,0,0,-65.8,0,0,-1.00E+07,0,-428,0,0,0,FAIL
67,2023-04-06 19:19:12,1.24,332.31,-1,0,0,0,0,-65.8,0,0,-1.00E+07,0,-428,0,0,0,FAIL
68,2023-04-06 19:19:13,1.26,332.19,-1,0,0,0,0,-65.8,0,0,-1.00E+07,0,-428,0,0,0,FAIL
69,2023-04-06 19:19:14,1.27,332.07,-1,0,0,0,0,-65.8,0,0,-1.00E+07,0,-428,0,0,0,FAIL
70,2023-04-06 19:19:15,1.31,331.94,-1,0,0,0,0,-65.8,0,0,-1.00E+07,0,-428,0,0,0,FAIL
71,2023-04-06 19:19:16,1.33,331.81,-1,0,0,0,0,-65.8,0,0,-1.00E+07,0,-428,0,0,0,FAIL
72,2023-04-06 19:19:17,1.35,331.68,-1,0,0,0,0,-65.8,0,0,-1.00E+07,0,-428,0,0,0,FAIL
73,2023-04-06 19:19:18,1.37,331.55,-1,0,0,0,0,-65.8,0,0,-1.00E+07,0,-428,0,0,0,FAIL
74,2023-04-06 19:19:19,1.39,331.41,-1,0,0,0,0,-65.8,0,0,-1.00E+07,0,-428,0,0,0,FAIL
75,2023-04-06 19:19:20,1.42,331.29,-1,0,0,0,0,-65.8,0,0,-1.00E+07,0,-428,0,0,0,FAIL
76,2023-04-06 19:19:21,1.44,331.16,-1,0,0,0,0,-65.9,0,0,-1.00E+07,0,-428,0,0,0,FAIL
77,2023-04-06 19:19:22,1.46,331.04,-1,0,0,0,0,-65.9,0,0,-1.00E+07,0,-428,0,0,0,FAIL
78,2023-04-06 19:19:23,1.49,330.91,-1,0,0,0,0,-65.9,0,0,-1.00E+07,0,-428,0,0,0,FAIL
79,2023-04-06 19:19:24,1.5,330.78,-1,0,0,0,0,-66,0,0,-1.00E+07,0,-428,0,0,0,FAIL
80,2023-04-06 19:19:25,1.53,330.64,-1,0,0,0,0,-65.9,0,0,-1.00E+07,0,-428,0,0,0,FAIL
81,2023-04-06 19:19:26,1.55,330.51,-1,0,0,0,0,-66,0,0,-1.00E+07,0,-428,0,0,0,FAIL
82,2023-04-06 19:19:27,1.57,330.38,-1,0,0,0,0,-66,0,0,-1.00E+07,0,-428,0,0,0,FAIL
83,2023-04-06 19:19:28,1.59,330.25,-1,0,0,0,0,-66.1,0,0,-1.00E+07,0,-428,0,0,0,FAIL
84,2023-04-06 19:19:29,1.6,330.12,-1,0,0,0,0,-66,0,0,-1.00E+07,0,-428,0,0,0,FAIL
85,2023-04-06 19:19:30,1.62,329.99,-1,0,0,0,0,-65.9,0,0,-1.00E+07,0,-428,0,0,0,FAIL
86,2023-04-06 19:19:31,1.66,329.85,-1,0,0,0,0,-66,0,0,-1.00E+07,0,-428,0,0,0,FAIL
87,2023-04-06 19:19:32,1.67,329.75,-1,0,0,0,0,-66,0,0,-1.00E+07,0,-428,0,0,0,FAIL
88,2023-04-06 19:19:33,1.69,329.62,-1,0,0,0,0,-66,0,0,-1.00E+07,0,-428,0,0,0,FAIL
89,2023-04-06 19:19:34,1.71,329.49,-1,0,0,0,0,-66,0,0,-1.00E+07,0,-428,0,0,0,FAIL
90,2023-04-06 19:19:35,1.72,329.36,-1,0,0,0,0,-66,0,0,-1.00E+07,0,-428,0,0,0,FAIL
91,2023-04-06 19:19:36,1.75,329.23,-1,0,0,0,0,-66,0,0,-1.00E+07,0,-428,0,0,0,FAIL
92,2023-04-06 19:19:37,1.77,329.1,-1,0,0,0,0,-66,0,0,-1.00E+07,0,-428,0,0,0,FAIL
93,2023-04-06 19:19:38,1.8,328.96,-1,0,0,0,0,-66,0,0,-1.00E+07,0,-428,0,0,0,FAIL
94,2023-04-06 19:19:39,1.82,328.84,-1,0,0,0,0,-66,0,0,-1.00E+07,0,-428,0,0,0,FAIL
95,2023-04-06 19:19:40,1.83,328.71,-1,0,0,0,0,-65.9,0,0,-1.00E+07,0,-428,0,0,0,FAIL
96,2023-04-06 19:19:41,1.86,328.59,-1,0,0,0,0,-65.5,0,0,-1.00E+07,0,-428,0,0,0,FAIL
97,2023-04-06 19:19:42,1.88,328.46,-1,0,0,0,0,-65.4,0,0,-1.00E+07,0,-428,0,0,0,FAIL
98,2023-04-06 19:19:43,1.9,328.33,-1,0,0,0,0,-65.1,0,0,-1.00E+07,0,-428,0,0,0,FAIL
99,2023-04-06 19:19:44,1.92,328.19,-1,0,0,0,0,-65.2,0,0,-1.00E+07,0,-428,0,0,0,FAIL
100,2023-04-06 19:19:45,1.93,328.06,-1,0,0,0,0,-64.9,0,0,-1.00E+07,0,-428,0,0,0,FAIL
101,2023-04-06 19:19:46,1.94,327.94,-1,1,0,0,1,-64.4,0,0,-1.00E+07,0,-428,0,0,0,FAIL
102,2023-04-06 19:19:47,1.97,327.81,-1,1,0,0,1,-63.9,0,0.4,-1.00E+07,0,-428,0,0,0,FAIL
103,2023-04-06 19:19:48,1.99,327.68,-1,0,0,0,0,-64.1,0,0,-1.00E+07,0,-428,0,0,0,FAIL
104,2023-04-06 19:19:49,2.01,327.55,-1,0,0,0,0,-64.1,0,0.5,-1.00E+07,0,-428,0,0,0,FAIL
105,2023-04-06 19:19:50,2.03,327.41,-1,0,0,0,0,-63.4,0,0.5,-1.00E+07,0,-428,0,0,0,FAIL
106,2023-04-06 19:19:51,2.05,327.28,-1,0,0,0,0,-64.3,0,0,-1.00E+07,0,-428,0,0,0,FAIL
107,2023-04-06 19:19:52,2.06,327.15,-1,0,0,0,0,-64,0,0.5,-1.00E+07,0,-428,0,0,0,FAIL
108,2023-04-06 19:19:53,2.08,327.02,-1,0,0,0,0,-64.3,0,0,-1.00E+07,0,-428,0,0,0,FAIL
109,2023-04-06 19:19:54,2.1,326.89,-1,1,0,0,1,-64.4,0,0,-1.00E+07,0,-428,0,0,0,FAIL
110,2023-04-06 19:19:55,2.12,326.77,-1,0,0,0,0,-64.8,0,0,-1.00E+07,0,-428,0,0,0,FAIL
111,2023-04-06 19:19:56,2.14,326.62,-1,0,0,0,0,-65,0,0,-1.00E+07,0,-428,0,0,0,FAIL
112,2023-04-06 19:19:57,2.16,326.49,-1,0,0,0,0,-65.2,0,0.6,-1.00E+07,0,-428,0,0,0,FAIL
113,2023-04-06 19:19:58,2.16,326.37,-1,0,0,0,0,-65.1,0,0,-1.00E+07,0,-428,0,0,0,FAIL
114,2023-04-06 19:19:59,2.19,326.23,-1,0,0,0,0,-65.6,0,0,-1.00E+07,0,-428,0,0,0,FAIL
115,2023-04-06 19:20:00,2.21,326.1,-1,0,0,0,0,-65.6,0,0,-1.00E+07,0,-428,0,0,0,FAIL
116,2023-04-06 19:20:01,2.23,325.96,-1,0,0,0,0,-65.2,0,0.6,-1.00E+07,0,-428,0,0,0,FAIL
117,2023-04-06 19:20:02,2.25,325.85,-1,0,0,0,0,-65.1,0,0.6,-1.00E+07,0,-428,0,0,0,FAIL
118,2023-04-06 19:20:03,2.26,325.71,-1,1,0,0,1,-64.5,0,0,-1.00E+07,0,-428,0,0,0,FAIL
119,2023-04-06 19:20:04,2.27,325.58,-1,0,0,0,0,-65.2,0,0,-1.00E+07,0,-428,0,0,0,FAIL
120,2023-04-06 19:20:05,2.3,325.45,-1,0,0,0,0,-65.8,0,0,-1.00E+07,0,-428,0,0,0,FAIL
121,2023-04-06 19:20:06,2.31,325.32,-1,0,0,0,0,-65.7,0,0,-1.00E+07,0,-428,0,0,0,FAIL
122,2023-04-06 19:20:07,2.33,325.18,-1,0,0,0,0,-64.9,0,0,-1.00E+07,0,-428,0,0,0,FAIL
123,2023-04-06 19:20:08,2.35,325.05,-1,0,0,0,0,-64.9,0,0,-1.00E+07,0,-428,0,0,0,FAIL
124,2023-04-06 19:20:09,2.36,324.94,-1,0,0,0,0,-65.1,0,0,-1.00E+07,0,-428,0,0,0,FAIL
125,2023-04-06 19:20:10,2.37,324.81,-1,1,0,0,1,-64,0,0,-1.00E+07,0,-428,0,0,0,FAIL
126,2023-04-06 19:20:11,2.38,324.67,-1,1,0,0,1,-64.6,0,0.2,-1.00E+07,0,-428,0,0,0,FAIL
127,2023-04-06 19:20:12,2.4,324.53,-1,0,0,0,0,-65.5,0,0,-1.00E+07,0,-428,0,0,0,FAIL
128,2023-04-06 19:20:13,2.42,324.38,-1,0,0,0,0,-65.4,0,0,-1.00E+07,0,-428,0,0,0,FAIL
129,2023-04-06 19:20:14,2.44,324.25,-1,1,0,0,1,-63.4,0,0.2,-1.00E+07,0,-428,0,0,0,FAIL
130,2023-04-06 19:20:15,2.45,324.11,-1,1,0,0,1,-63.7,0,0.2,-1.00E+07,0,-428,0,0,0,FAIL
131,2023-04-06 19:20:16,2.47,323.96,-1,0,0,0,0,-64.9,0,0,-1.00E+07,0,-428,0,0,0,FAIL
132,2023-04-06 19:20:17,2.48,323.82,-1,1,0,0,1,-63.6,0,0.6,-1.00E+07,0,-428,0,0,0,FAIL
133,2023-04-06 19:20:18,2.49,323.68,-1,0,0,0,0,-62.7,0,0.6,1.40E-01,0,-428,0,0,0,FAIL
134,2023-04-06 19:20:19,2.5,323.54,-1,3,1,1,5,-63.7,0,0.6,1.30E-01,155,-273,5,0,0,FAIL
135,2023-04-06 19:20:20,2.53,323.39,-1,2,0,0,2,-64,0,0.6,-1.00E+07,142,-286,65,0,0,FAIL
136,2023-04-06 19:20:21,2.55,323.26,-1,1,0,0,1,-63.9,0,0.6,-1.00E+07,14,-414,14,0,0,FAIL
137,2023-04-06 19:20:22,2.56,323.12,-1,1,0,0,1,-63.4,0,0.8,-1.00E+07,3,-425,3,0,0,FAIL
138,2023-04-06 19:20:23,2.57,322.98,-1,0,0,0,0,-63.5,0,0.8,-1.00E+07,13,-415,13,0,0,FAIL
139,2023-04-06 19:20:24,2.59,322.84,-1,1,0,0,1,-63.4,0,0.8,-1.00E+07,2,-426,2,0,0,FAIL
140,2023-04-06 19:20:25,2.6,322.7,-1,1,0,0,1,-63.1,0,0.8,-1.00E+07,7,-421,7,0,0,FAIL
141,2023-04-06 19:20:26,2.61,322.57,-1,3,0,0,3,-62.3,0,0.8,1.20E-01,0,-428,0,0,0,FAIL
142,2023-04-06 19:20:27,2.62,322.43,-1,3,1,1,5,-61.1,0,0.8,1.10E-01,332,-96,121,0,0,FAIL
143,2023-04-06 19:20:28,2.64,322.28,-1,3,1,1,5,-59.8,0,2.2,1.00E-01,423,-5,0,0,0,FAIL
144,2023-04-06 19:20:29,2.66,322.14,-1,3,1,1,5,-57.5,0,2.2,1.00E-01,427,-1,0,0,0,PASS
145,2023-04-06 19:20:30,2.67,322.01,-1,3,1,1,5,-55.8,0,2.2,1.00E-01,427,0,0,0,0,PASS
146,2023-04-06 19:20:31,2.68,321.87,-1,3,1,1,5,-55.1,0,6.7,1.10E-01,428,0,0,0,0,PASS
147,2023-04-06 19:20:32,2.7,321.72,-1,3,1,1,5,-54.6,0,6.7,8.30E-02,427,0,0,0,0,PASS
148,2023-04-06 19:20:33,2.71,321.59,-1,3,1,1,5,-54.7,0,6.7,8.30E-02,427,0,0,0,0,PASS
149,2023-04-06 19:20:34,2.71,321.45,-1,3,1,1,5,-55.1,0,6.7,5.90E-02,427,0,0,0,0,PASS
150,2023-04-06 19:20:35,2.73,321.32,-1,3,1,1,5,-55.5,0,11.7,5.90E-02,428,0,0,0,0,PASS
151,2023-04-06 19:20:36,2.75,321.17,-1,3,1,1,5,-55.4,0,11.7,3.50E-02,427,0,0,0,0,PASS
152,2023-04-06 19:20:37,2.76,321.03,-1,3,1,1,5,-55.1,0,11.7,3.50E-02,427,0,0,0,0,PASS
153,2023-04-06 19:20:38,2.77,320.9,-1,3,1,1,5,-55.5,0,11.6,8.10E-03,428,0,0,0,0,PASS
154,2023-04-06 19:20:39,2.79,320.76,-1,3,1,1,5,-55.6,0,11.6,8.10E-03,427,0,0,0,0,PASS
155,2023-04-06 19:20:40,2.8,320.61,-1,3,1,1,5,-55.7,0,11.6,7.40E-04,427,0,0,0,0,PASS
156,2023-04-06 19:20:41,2.81,320.47,-1,3,1,1,5,-55.6,0,11.2,7.40E-04,427,0,0,0,0,PASS
157,2023-04-06 19:20:42,2.82,320.33,-1,3,1,1,5,-55.9,0,11.2,5.00E-06,428,0,0,0,0,PASS
158,2023-04-06 19:20:43,2.83,320.2,-1,3,1,1,5,-56.1,0,11.2,2.90E-06,427,0,0,0,0,PASS
159,2023-04-06 19:20:44,2.84,320.05,-1,3,1,1,5,-56.1,0,10.7,2.90E-06,427,0,0,0,0,PASS
160,2023-04-06 19:20:45,2.86,319.92,-1,3,1,1,5,-56.1,0,10.7,2.90E-06,427,0,0,0,0,PASS
161,2023-04-06 19:20:46,2.87,319.78,-1,3,1,1,5,-56.3,0,10.7,5.10E-06,428,0,0,0,0,PASS
162,2023-04-06 19:20:47,2.88,319.67,-1,3,1,1,5,-55.7,0,10.3,8.30E-06,427,0,0,0,0,PASS
163,2023-04-06 19:20:48,2.89,319.54,-1,3,1,1,5,-55.5,0,10.3,8.30E-06,427,0,0,0,0,PASS
164,2023-04-06 19:20:49,2.9,319.39,-1,3,1,1,5,-55.4,0,10.3,1.30E-05,427,0,0,0,0,PASS
165,2023-04-06 19:20:50,2.91,319.25,-1,3,1,1,5,-54.4,0,11.3,1.30E-05,428,0,0,0,0,PASS
166,2023-04-06 19:20:51,2.92,319.11,-1,3,1,1,5,-54.5,0,11.3,1.80E-05,427,0,0,0,0,PASS
167,2023-04-06 19:20:52,2.93,318.97,-1,3,1,1,5,-54.1,0,11.3,1.80E-05,427,0,0,0,0,PASS
168,2023-04-06 19:20:53,2.94,318.82,-1,3,1,1,5,-53.9,0,12.4,1.80E-05,427,0,0,0,0,PASS
169,2023-04-06 19:20:54,2.94,318.68,-1,3,1,1,5,-53.8,0,12.4,1.80E-05,428,0,0,0,0,PASS
170,2023-04-06 19:20:55,2.95,318.55,-1,3,1,1,5,-53.1,0,12.4,1.50E-05,427,0,0,0,0,PASS
171,2023-04-06 19:20:56,2.97,318.39,-1,3,1,1,5,-53.2,0,13.6,1.50E-05,427,0,0,0,0,PASS
172,2023-04-06 19:20:57,2.98,318.26,-1,3,1,1,5,-52.9,0,13.6,9.40E-06,427,0,0,0,0,PASS
173,2023-04-06 19:20:58,2.99,318.12,-1,3,1,1,5,-52.7,0,13.6,2.90E-06,428,0,0,0,0,PASS
174,2023-04-06 19:20:59,3,317.98,-1,3,1,1,5,-52.8,0,14.2,2.90E-06,427,0,0,0,0,PASS
175,2023-04-06 19:21:00,3.01,317.83,-1,3,1,1,5,-53.1,0,14.2,2.90E-06,427,0,0,0,0,PASS
176,2023-04-06 19:21:01,3.01,317.69,-1,3,1,1,5,-53.6,0,14.2,9.10E-07,427,0,0,0,0,PASS
177,2023-04-06 19:21:02,3.02,317.55,-1,3,1,1,5,-53.5,0,13.8,1.50E-07,428,0,0,0,0,PASS
178,2023-04-06 19:21:03,3.03,317.42,-1,3,1,1,5,-53.7,0,13.8,1.50E-07,427,0,0,0,0,PASS
179,2023-04-06 19:21:04,3.04,317.27,-1,3,1,1,5,-53.3,0,13.8,0.00E+00,427,0,0,0,0,PASS
180,2023-04-06 19:21:05,3.05,317.13,-1,3,1,1,5,-53.7,0,13.8,0.00E+00,428,0,0,0,0,PASS
181,2023-04-06 19:21:06,3.05,316.99,-1,3,1,1,5,-53.5,0,13.8,0.00E+00,427,0,0,0,0,PASS
182,2023-04-06 19:21:07,3.05,316.85,-1,3,1,1,5,-53.9,0,13.3,0.00E+00,427,0,0,0,0,PASS
183,2023-04-06 19:21:08,3.06,316.71,-1,3,1,1,5,-53.6,0,13.3,0.00E+00,427,0,0,0,0,PASS
184,2023-04-06 19:21:09,3.08,316.57,-1,3,1,1,5,-53.3,0,13.3,0.00E+00,428,0,0,0,0,PASS
185,2023-04-06 19:21:10,3.09,316.43,-1,3,1,1,5,-53.9,0,13.3,0.00E+00,427,0,0,0,0,PASS
186,2023-04-06 19:21:11,3.1,316.29,-1,3,1,1,5,-53.8,0,13.3,0.00E+00,427,0,0,0,0,PASS
187,2023-04-06 19:21:12,3.1,316.14,-1,3,1,1,5,-54,0,13.3,0.00E+00,427,0,0,0,0,PASS
188,2023-04-06 19:21:13,3.11,316,-1,3,1,1,5,-53.8,0,13.2,0.00E+00,428,0,0,0,0,PASS
189,2023-04-06 19:21:14,3.12,315.86,-1,3,1,1,5,-54.3,0,13.2,0.00E+00,427,0,0,0,0,PASS
190,2023-04-06 19:21:15,3.12,315.74,-1,3,1,1,5,-54.2,0,13.2,0.00E+00,427,0,0,0,0,PASS
191,2023-04-06 19:21:16,3.13,315.58,-1,3,1,1,5,-53.8,0,13,0.00E+00,427,0,0,0,0,PASS
192,2023-04-06 19:21:17,3.14,315.47,-1,3,1,1,5,-53.5,0,13,0.00E+00,428,0,0,0,0,PASS
193,2023-04-06 19:21:18,3.14,315.33,-1,3,1,1,5,-54.3,0,13,0.00E+00,427,0,0,0,0,PASS
194,2023-04-06 19:21:19,3.15,315.19,-1,3,1,1,5,-53.7,0,13,0.00E+00,427,0,0,0,0,PASS
195,2023-04-06 19:21:20,3.15,315.04,-1,3,1,1,5,-53.9,0,13,0.00E+00,427,0,0,0,0,PASS
196,2023-04-06 19:21:21,3.16,314.9,-1,3,1,1,5,-54.3,0,13,0.00E+00,428,0,0,0,0,PASS
197,2023-04-06 19:21:22,3.16,314.77,-1,3,1,1,5,-54.2,0,12.8,0.00E+00,427,0,0,0,0,PASS
198,2023-04-06 19:21:23,3.16,314.63,-1,3,1,1,5,-53.6,0,12.8,0.00E+00,427,0,0,0,0,PASS
199,2023-04-06 19:21:24,3.17,314.48,-1,3,1,1,5,-53.4,0,12.8,0.00E+00,427,0,0,0,0,PASS
200,2023-04-06 19:21:25,3.17,314.33,-1,3,1,1,5,-53,0,13.2,0.00E+00,428,0,0,0,0,PASS
201,2023-04-06 19:21:26,3.18,314.19,-1,3,1,1,5,-52.7,0,13.2,0.00E+00,427,0,0,0,0,PASS
202,2023-04-06 19:21:27,3.18,314.06,-1,3,1,1,5,-52.7,0,13.2,0.00E+00,427,0,0,0,0,PASS
203,2023-04-06 19:21:28,3.2,313.91,-1,3,1,1,5,-52.9,0,13.9,0.00E+00,427,0,0,0,0,PASS
204,2023-04-06 19:21:29,3.2,313.76,-1,3,1,1,5,-53.1,0,13.9,0.00E+00,428,0,0,0,0,PASS
205,2023-04-06 19:21:30,3.2,313.62,-1,3,1,1,5,-53.5,0,13.9,0.00E+00,427,0,0,0,0,PASS
206,2023-04-06 19:21:31,3.21,313.47,-1,3,1,1,5,-52.9,0,14,0.00E+00,427,0,0,0,0,PASS
207,2023-04-06 19:21:32,3.21,313.33,-1,3,1,1,5,-52.5,0,14,0.00E+00,427,0,0,0,0,PASS
208,2023-04-06 19:21:33,3.22,313.19,-1,3,1,1,5,-52.6,0,14,0.00E+00,428,0,0,0,0,PASS
209,2023-04-06 19:21:34,3.22,313.04,-1,3,1,1,5,-52.7,0,14.3,0.00E+00,427,0,0,0,0,PASS
210,2023-04-06 19:21:35,3.22,312.9,-1,3,1,1,5,-52.5,0,14.3,0.00E+00,427,0,0,0,0,PASS
211,2023-04-06 19:21:36,3.23,312.75,-1,3,1,1,5,-52.2,0,14.3,0.00E+00,427,0,0,0,0,PASS
212,2023-04-06 19:21:37,3.23,312.62,-1,3,1,1,5,-52.4,0,14.3,0.00E+00,428,0,0,0,0,PASS
213,2023-04-06 19:21:38,3.23,312.47,-1,3,1,1,5,-52.5,0,14.9,0.00E+00,427,0,0,0,0,PASS
214,2023-04-06 19:21:39,3.24,312.33,-1,3,1,1,5,-52.5,0,14.9,0.00E+00,427,0,0,0,0,PASS
215,2023-04-06 19:21:40,3.24,312.19,-1,3,1,1,5,-52.6,0,14.9,0.00E+00,428,0,0,0,0,PASS
216,2023-04-06 19:21:41,3.24,312.03,-1,3,1,1,5,-52.3,0,14.8,0.00E+00,427,0,0,0,0,PASS
217,2023-04-06 19:21:42,3.24,311.89,-1,3,1,1,5,-52.4,0,14.8,0.00E+00,427,0,0,0,0,PASS
218,2023-04-06 19:21:43,3.25,311.75,-1,3,1,1,5,-52.6,0,14.8,0.00E+00,427,0,0,0,0,PASS
219,2023-04-06 19:21:44,3.25,311.61,-1,3,1,1,5,-52.4,0,14.6,0.00E+00,428,0,0,0,0,PASS
220,2023-04-06 19:21:45,3.25,311.46,-1,3,1,1,5,-52.6,0,14.6,0.00E+00,427,0,0,0,0,PASS
221,2023-04-06 19:21:46,3.25,311.32,-1,3,1,1,5,-52.7,0,14.6,0.00E+00,427,0,0,0,0,PASS
222,2023-04-06 19:21:47,3.25,311.17,-1,3,1,1,5,-52.4,0,14.6,0.00E+00,427,0,0,0,0,PASS
223,2023-04-06 19:21:48,3.26,311.02,-1,3,1,1,5,-52.7,0,14.6,0.00E+00,428,0,0,0,0,PASS
224,2023-04-06 19:21:49,3.26,310.88,-1,3,1,1,5,-53,0,14.6,0.00E+00,427,0,0,0,0,PASS
225,2023-04-06 19:21:50,3.26,310.74,-1,3,1,1,5,-53.7,0,14.3,0.00E+00,427,0,0,0,0,PASS
226,2023-04-06 19:21:51,3.26,310.59,-1,3,1,1,5,-54.2,0,14.3,0.00E+00,427,0,0,0,0,PASS
227,2023-04-06 19:21:52,3.26,310.45,-1,3,1,1,5,-54.9,0,14.3,0.00E+00,428,0,0,0,0,PASS
228,2023-04-06 19:21:53,3.26,310.3,-1,3,1,1,5,-55.3,0,14.3,0.00E+00,427,0,0,0,0,PASS
229,2023-04-06 19:21:54,3.26,310.15,-1,3,1,1,5,-54.5,0,12.7,0.00E+00,427,0,0,0,0,PASS
230,2023-04-06 19:21:55,3.26,310.05,-1,3,1,1,5,-53.3,0,12.7,0.00E+00,427,0,0,0,0,PASS
231,2023-04-06 19:21:56,3.26,309.9,-1,3,1,1,5,-52.7,0,12.7,0.00E+00,428,0,0,0,0,PASS
232,2023-04-06 19:21:57,3.26,309.76,-1,3,1,1,5,-53.1,0,13.5,1.50E-07,427,0,0,0,0,PASS
233,2023-04-06 19:21:58,3.26,309.61,-1,3,1,1,5,-53.4,0,13.5,1.50E-07,427,0,0,0,0,PASS
234,2023-04-06 19:21:59,3.26,309.46,-1,3,1,1,5,-52.5,0,13.5,7.60E-07,427,0,0,0,0,PASS
235,2023-04-06 19:22:00,3.26,309.32,-1,3,1,1,5,-52.2,0,14.1,7.60E-07,428,0,0,0,0,PASS
236,2023-04-06 19:22:01,3.26,309.18,-1,3,1,1,5,-52.7,0,14.1,7.60E-07,427,0,0,0,0,PASS
237,2023-04-06 19:22:02,3.26,309.02,-1,3,1,1,5,-52.7,0,14.1,7.60E-07,427,0,0,0,0,PASS
238,2023-04-06 19:22:03,3.26,308.88,-1,3,1,1,5,-53.8,0,14.4,7.60E-07,427,0,0,0,0,PASS
239,2023-04-06 19:22:04,3.26,308.74,-1,3,1,1,5,-53.2,0,14.4,6.10E-07,428,0,0,0,0,PASS
240,2023-04-06 19:22:05,3.26,308.58,-1,3,1,1,5,-53.4,0,14.4,6.10E-07,427,0,0,0,0,PASS
241,2023-04-06 19:22:06,3.26,308.44,-1,3,1,1,5,-54.3,0,13.8,6.10E-07,427,0,0,0,0,PASS
242,2023-04-06 19:22:07,3.26,308.3,-1,3,1,1,5,-55.3,0,13.8,0.00E+00,427,0,0,0,0,PASS
243,2023-04-06 19:22:08,3.26,308.16,-1,3,1,1,5,-56.3,0,13.8,0.00E+00,428,0,0,0,0,PASS
244,2023-04-06 19:22:09,3.26,308.02,-1,3,1,1,5,-57,0,12.3,0.00E+00,427,0,0,0,0,PASS
245,2023-04-06 19:22:10,3.26,307.88,-1,3,1,1,5,-58.7,0,12.3,0.00E+00,427,0,0,0,0,PASS
246,2023-04-06 19:22:11,3.26,307.74,-1,3,1,1,5,-59.5,0,12.3,0.00E+00,427,0,0,0,0,PASS
247,2023-04-06 19:22:12,3.26,307.58,-1,3,1,1,5,-61.4,0,8.3,6.10E-07,428,0,0,0,0,PASS
248,2023-04-06 19:22:13,3.26,307.45,-1,3,1,1,5,-61.3,0,8.3,6.10E-07,427,0,0,0,0,PASS
249,2023-04-06 19:22:14,3.26,307.3,-1,3,1,1,5,-62.5,0,8.3,2.30E-05,427,-1,0,0,0,PASS
250,2023-04-06 19:22:15,3.25,307.16,-1,3,1,1,5,-62.5,0,3.7,2.30E-05,421,-7,0,0,0,FAIL
251,2023-04-06 19:22:16,3.25,307.01,-1,3,1,1,5,-62.1,0,3.7,7.80E-04,416,-12,1,0,0,FAIL
252,2023-04-06 19:22:17,3.25,306.87,-1,3,1,1,5,-61.8,0,3.7,0.00E+00,421,-7,7,0,0,FAIL
253,2023-04-06 19:22:18,3.24,306.73,-1,3,1,1,5,-61.3,0,2.9,6.10E-03,425,-3,0,0,0,FAIL
254,2023-04-06 19:22:19,3.24,306.58,-1,3,1,1,5,-59.8,0,2.9,2.00E-02,428,0,0,0,0,PASS
255,2023-04-06 19:22:20,3.24,306.46,-1,3,1,1,5,-57.4,0,2.9,2.00E-02,427,0,0,0,0,PASS
256,2023-04-06 19:22:21,3.23,306.32,-1,3,1,1,5,-56.3,0,4.5,2.00E-02,427,0,0,0,0,PASS
257,2023-04-06 19:22:22,3.23,306.18,-1,3,1,1,5,-54.3,0,4.5,3.30E-02,427,0,0,0,0,PASS
258,2023-04-06 19:22:23,3.23,306.02,-1,3,1,1,5,-58.9,0,4.5,3.30E-02,428,0,0,0,0,PASS
259,2023-04-06 19:22:24,3.22,305.88,-1,3,1,1,5,-60.9,0,11,4.00E-02,427,0,0,0,0,PASS
260,2023-04-06 19:22:25,3.22,305.74,-1,3,1,1,5,-58.8,0,11,3.40E-02,427,0,0,0,0,PASS
261,2023-04-06 19:22:26,3.21,305.6,-1,3,1,1,5,-56.4,0,11,3.40E-02,427,0,0,0,0,PASS
262,2023-04-06 19:22:27,3.21,305.45,-1,3,1,1,5,-53,0,6,3.40E-02,428,0,0,0,0,PASS
263,2023-04-06 19:22:28,3.2,305.3,-1,3,1,1,5,-53.3,0,6,2.10E-02,427,0,0,0,0,PASS
264,2023-04-06 19:22:29,3.2,305.16,-1,3,1,1,5,-53.9,0,6,1.00E-02,427,0,0,0,0,PASS
265,2023-04-06 19:22:30,3.18,305.01,-1,3,1,1,5,-54.4,0,13.2,1.00E-02,427,0,0,0,0,PASS
266,2023-04-06 19:22:31,3.18,304.87,-1,3,1,1,5,-54.9,0,13.2,3.90E-03,428,0,0,0,0,PASS
267,2023-04-06 19:22:32,3.18,304.73,-1,3,1,1,5,-55.6,0,13.2,3.90E-03,427,0,0,0,0,PASS
268,2023-04-06 19:22:33,3.18,304.58,-1,3,1,1,5,-56.4,0,13.2,3.30E-03,427,0,0,0,0,PASS
269,2023-04-06 19:22:34,3.17,304.44,-1,3,1,1,5,-57.3,0,11.8,3.30E-03,427,0,0,0,0,PASS
270,2023-04-06 19:22:35,3.16,304.29,-1,3,1,1,5,-58.5,0,11.8,3.30E-03,428,0,0,0,0,PASS
271,2023-04-06 19:22:36,3.16,304.15,-1,3,1,1,5,-59.8,0,11.8,3.30E-03,427,0,0,0,0,PASS
272,2023-04-06 19:22:37,3.15,304,-1,3,1,1,5,-60.6,0,8.1,0.00E+00,427,-1,0,0,0,PASS
273,2023-04-06 19:22:38,3.14,303.86,-1,3,1,1,5,-61.2,0,8.1,3.40E-04,427,-1,0,0,0,PASS
274,2023-04-06 19:22:39,3.14,303.72,-1,3,1,1,5,-62.9,0,8.1,2.80E-05,426,-2,0,0,0,FAIL
275,2023-04-06 19:22:40,3.13,303.57,-1,3,1,1,5,-62.8,0,4.3,4.80E-04,379,-49,53,0,0,FAIL
276,2023-04-06 19:22:41,3.12,303.43,-1,2,0,0,2,-63.4,0,4.3,4.80E-04,200,-228,93,0,0,FAIL
277,2023-04-06 19:22:42,3.12,303.29,-1,2,0,0,2,-64.6,0,0,-1.00E+07,33,-395,33,0,0,FAIL
278,2023-04-06 19:22:43,3.11,303.15,-1,0,0,0,0,-64.5,0,0,-1.00E+07,4,-424,4,0,0,FAIL
279,2023-04-06 19:22:44,3.1,303.01,-1,0,0,0,0,-64.1,0,0,-1.00E+07,0,-428,0,0,0,FAIL
280,2023-04-06 19:22:45,3.09,302.87,-1,0,0,0,0,-64.8,0,0,-1.00E+07,0,-428,0,0,0,FAIL
281,2023-04-06 19:22:46,3.09,302.73,-1,0,0,0,0,-64.9,0,0,-1.00E+07,0,-428,0,0,0,FAIL
282,2023-04-06 19:22:47,3.08,302.59,-1,0,0,0,0,-65.4,0,0,-1.00E+07,0,-428,0,0,0,FAIL
283,2023-04-06 19:22:48,3.08,302.44,-1,0,0,0,0,-65.2,0,0,-1.00E+07,0,-428,0,0,0,FAIL
284,2023-04-06 19:22:49,3.06,302.3,-1,0,0,0,0,-65.5,0,0,-1.00E+07,0,-428,0,0,0,FAIL
285,2023-04-06 19:22:50,3.05,302.16,-1,0,0,0,0,-65.3,0,0,-1.00E+07,0,-428,0,0,0,FAIL
286,2023-04-06 19:22:51,3.05,302.04,-1,0,0,0,0,-65.9,0,0,-1.00E+07,0,-428,0,0,0,FAIL
287,2023-04-06 19:22:52,3.04,301.89,-1,0,0,0,0,-65.7,0,0,-1.00E+07,0,-428,0,0,0,FAIL
288,2023-04-06 19:22:53,3.03,301.75,-1,0,0,0,0,-65.7,0,0,-1.00E+07,0,-428,0,0,0,FAIL
289,2023-04-06 19:22:54,3.02,301.61,-1,0,0,0,0,-65.8,0,0,-1.00E+07,0,-428,0,0,0,FAIL
290,2023-04-06 19:22:55,3.01,301.46,-1,0,0,0,0,-65.9,0,0,-1.00E+07,0,-428,0,0,0,FAIL
291,2023-04-06 19:22:56,3,301.32,-1,0,0,0,0,-65.6,0,0,-1.00E+07,0,-428,0,0,0,FAIL
292,2023-04-06 19:22:57,2.99,301.18,-1,0,0,0,0,-65.9,0,0,-1.00E+07,0,-428,0,0,0,FAIL
293,2023-04-06 19:22:58,2.98,301.04,-1,0,0,0,0,-65.8,0,0,-1.00E+07,0,-428,0,0,0,FAIL
294,2023-04-06 19:22:59,2.97,300.89,-1,0,0,0,0,-65.3,0,0,-1.00E+07,0,-428,0,0,0,FAIL
295,2023-04-06 19:23:00,2.97,300.75,-1,0,0,0,0,-65.6,0,0,-1.00E+07,0,-428,0,0,0,FAIL
296,2023-04-06 19:23:01,2.95,300.61,-1,0,0,0,0,-65.8,0,0,-1.00E+07,0,-428,0,0,0,FAIL
297,2023-04-06 19:23:02,2.94,300.47,-1,0,0,0,0,-65.7,0,0,-1.00E+07,0,-428,0,0,0,FAIL
298,2023-04-06 19:23:03,2.93,300.33,-1,0,0,0,0,-65.9,0,0,-1.00E+07,0,-428,0,0,0,FAIL
299,2023-04-06 19:23:04,2.92,300.19,-1,0,0,0,0,-66,0,0,-1.00E+07,0,-428,0,0,0,FAIL
300,2023-04-06 19:23:05,2.91,300.05,-1,0,0,0,0,-65.5,0,0,-1.00E+07,0,-428,0,0,0,FAIL
301,2023-04-06 19:23:06,2.9,299.92,-1,0,0,0,0,-65.6,0,0,-1.00E+07,0,-428,0,0,0,FAIL
302,2023-04-06 19:23:07,2.89,299.77,-1,0,0,0,0,-65.9,0,0,-1.00E+07,0,-428,0,0,0,FAIL
303,2023-04-06 19:23:08,2.88,299.63,-1,0,0,0,0,-66,0,0,-1.00E+07,0,-428,0,0,0,FAIL
304,2023-04-06 19:23:09,2.87,299.5,-1,0,0,0,0,-65.9,0,0,-1.00E+07,0,-428,0,0,0,FAIL
305,2023-04-06 19:23:10,2.86,299.36,-1,0,0,0,0,-65.8,0,0,-1.00E+07,0,-428,0,0,0,FAIL
306,2023-04-06 19:23:11,2.84,299.21,-1,0,0,0,0,-65.9,0,0,-1.00E+07,0,-428,0,0,0,FAIL
307,2023-04-06 19:23:12,2.83,299.07,-1,0,0,0,0,-66,0,0,-1.00E+07,0,-428,0,0,0,FAIL
308,2023-04-06 19:23:13,2.82,298.93,-1,0,0,0,0,-65.9,0,0,-1.00E+07,0,-428,0,0,0,FAIL
309,2023-04-06 19:23:14,2.81,298.78,-1,0,0,0,0,-65.8,0,0,-1.00E+07,0,-428,0,0,0,FAIL
310,2023-04-06 19:23:15,2.8,298.64,-1,0,0,0,0,-65.9,0,0,-1.00E+07,0,-428,0,0,0,FAIL
311,2023-04-06 19:23:16,2.78,298.5,-1,0,0,0,0,-65.9,0,0,-1.00E+07,0,-428,0,0,0,FAIL
312,2023-04-06 19:23:17,2.77,298.36,-1,0,0,0,0,-65.9,0,0,-1.00E+07,0,-428,0,0,0,FAIL
313,2023-04-06 19:23:18,2.76,298.21,-1,0,0,0,0,-65.9,0,0,-1.00E+07,0,-428,0,0,0,FAIL
314,2023-04-06 19:23:19,2.73,298.08,-1,0,0,0,0,-65.9,0,0,-1.00E+07,0,-428,0,0,0,FAIL
315,2023-04-06 19:23:20,2.73,297.94,-1,0,0,0,0,-65.9,0,0,-1.00E+07,0,-428,0,0,0,FAIL
316,2023-04-06 19:23:21,2.72,297.8,-1,0,0,0,0,-65.9,0,0,-1.00E+07,0,-428,0,0,0,FAIL
317,2023-04-06 19:23:22,2.71,297.65,-1,0,0,0,0,-66,0,0,-1.00E+07,0,-428,0,0,0,FAIL
318,2023-04-06 19:23:23,2.69,297.51,-1,0,0,0,0,-65.9,0,0,-1.00E+07,0,-428,0,0,0,FAIL
319,2023-04-06 19:23:24,2.68,297.37,-1,0,0,0,0,-66,0,0,-1.00E+07,0,-428,0,0,0,FAIL
320,2023-04-06 19:23:25,2.67,297.22,-1,0,0,0,0,-66,0,0,-1.00E+07,0,-428,0,0,0,FAIL
321,2023-04-06 19:23:26,2.65,297.1,-1,0,0,0,0,-66,0,0,-1.00E+07,0,-428,0,0,0,FAIL
322,2023-04-06 19:23:27,2.64,296.96,-1,0,0,0,0,-65.9,0,0,-1.00E+07,0,-428,0,0,0,FAIL
323,2023-04-06 19:23:28,2.62,296.82,-1,0,0,0,0,-65.9,0,0,-1.00E+07,0,-428,0,0,0,FAIL
324,2023-04-06 19:23:29,2.61,296.71,-1,0,0,0,0,-65.9,0,0,-1.00E+07,0,-428,0,0,0,FAIL
325,2023-04-06 19:23:30,2.6,296.56,-1,0,0,0,0,-66,0,0,-1.00E+07,0,-428,0,0,0,FAIL
326,2023-04-06 19:23:31,2.58,296.42,-1,0,0,0,0,-65.9,0,0,-1.00E+07,0,-428,0,0,0,FAIL
327,2023-04-06 19:23:32,2.57,296.28,-1,0,0,0,0,-65.9,0,0,-1.00E+07,0,-428,0,0,0,FAIL
328,2023-04-06 19:23:33,2.56,296.15,-1,0,0,0,0,-65.9,0,0,-1.00E+07,0,-428,0,0,0,FAIL
329,2023-04-06 19:23:34,2.54,296,-1,0,0,0,0,-65.9,0,0,-1.00E+07,0,-428,0,0,0,FAIL
330,2023-04-06 19:23:35,2.53,295.86,-1,0,0,0,0,-65.9,0,0,-1.00E+07,0,-428,0,0,0,FAIL
331,2023-04-06 19:23:36,2.51,295.72,-1,0,0,0,0,-65.8,0,0,-1.00E+07,0,-428,0,0,0,FAIL
332,2023-04-06 19:23:37,2.49,295.59,-1,0,0,0,0,-65.9,0,0,-1.00E+07,0,-428,0,0,0,FAIL
333,2023-04-06 19:23:38,2.48,295.44,-1,0,0,0,0,-65.7,0,0,-1.00E+07,0,-428,0,0,0,FAIL
334,2023-04-06 19:23:39,2.46,295.3,-1,0,0,0,0,-65.8,0,0,-1.00E+07,0,-428,0,0,0,FAIL
335,2023-04-06 19:23:40,2.45,295.17,-1,0,0,0,0,-65.8,0,0,-1.00E+07,0,-428,0,0,0,FAIL
336,2023-04-06 19:23:41,2.43,295.03,-1,0,0,0,0,-65.8,0,0,-1.00E+07,0,-428,0,0,0,FAIL
337,2023-04-06 19:23:42,2.42,294.89,-1,0,0,0,0,-65.8,0,0,-1.00E+07,0,-428,0,0,0,FAIL
338,2023-04-06 19:23:43,2.4,294.75,-1,0,0,0,0,-65.7,0,0,-1.00E+07,0,-428,0,0,0,FAIL
339,2023-04-06 19:23:44,2.38,294.62,-1,0,0,0,0,-65.8,0,0,-1.00E+07,0,-428,0,0,0,FAIL
340,2023-04-06 19:23:45,2.37,294.48,-1,0,0,0,0,-65.8,0,0,-1.00E+07,0,-428,0,0,0,FAIL
341,2023-04-06 19:23:46,2.35,294.35,-1,0,0,0,0,-65.8,0,0,-1.00E+07,0,-428,0,0,0,FAIL
342,2023-04-06 19:23:47,2.34,294.21,-1,0,0,0,0,-65.7,0,0,-1.00E+07,0,-428,0,0,0,FAIL
343,2023-04-06 19:23:48,2.32,294.09,-1,0,0,0,0,-65.7,0,0,-1.00E+07,0,-428,0,0,0,FAIL
344,2023-04-06 19:23:49,2.3,293.95,-1,0,0,0,0,-65.7,0,0,-1.00E+07,0,-428,0,0,0,FAIL
345,2023-04-06 19:23:50,2.28,293.84,-1,0,0,0,0,-65.7,0,0,-1.00E+07,0,-428,0,0,0,FAIL
346,2023-04-06 19:23:51,2.27,293.71,-1,0,0,0,0,-65.8,0,0,-1.00E+07,0,-428,0,0,0,FAIL
347,2023-04-06 19:23:52,2.25,293.58,-1,0,0,0,0,-65.8,0,0,-1.00E+07,0,-428,0,0,0,FAIL
348,2023-04-06 19:23:53,2.23,293.44,-1,0,0,0,0,-65.7,0,0,-1.00E+07,0,-428,0,0,0,FAIL
349,2023-04-06 19:23:54,2.22,293.31,-1,0,0,0,0,-65.8,0,0,-1.00E+07,0,-428,0,0,0,FAIL
350,2023-04-06 19:23:55,2.2,293.18,-1,0,0,0,0,-65.7,0,0,-1.00E+07,0,-428,0,0,0,FAIL
351,2023-04-06 19:23:56,2.19,293.05,-1,0,0,0,0,-65.7,0,0,-1.00E+07,0,-428,0,0,0,FAIL
352,2023-04-06 19:23:57,2.16,292.92,-1,0,0,0,0,-65.7,0,0,-1.00E+07,0,-428,0,0,0,FAIL
353,2023-04-06 19:23:58,2.14,292.8,-1,0,0,0,0,-65.6,0,0,-1.00E+07,0,-428,0,0,0,FAIL
354,2023-04-06 19:23:59,2.12,292.66,-1,0,0,0,0,-65.6,0,0,-1.00E+07,0,-428,0,0,0,FAIL
355,2023-04-06 19:24:00,2.11,292.52,-1,0,0,0,0,-65.7,0,0,-1.00E+07,0,-428,0,0,0,FAIL
356,2023-04-06 19:24:01,2.09,292.39,-1,0,0,0,0,-65.6,0,0,-1.00E+07,0,-428,0,0,0,FAIL
357,2023-04-06 19:24:02,2.08,292.26,-1,0,0,0,0,-65.6,0,0,-1.00E+07,0,-428,0,0,0,FAIL
358,2023-04-06 19:24:03,2.05,292.13,-1,0,0,0,0,-65.6,0,0,-1.00E+07,0,-428,0,0,0,FAIL
359,2023-04-06 19:24:04,2.03,291.99,-1,0,0,0,0,-65.6,0,0,-1.00E+07,0,-428,0,0,0,FAIL
360,2023-04-06 19:24:05,2.01,291.86,-1,0,0,0,0,-65.6,0,0,-1.00E+07,0,-428,0,0,0,FAIL
361,2023-04-06 19:24:06,2,291.73,-1,0,0,0,0,-65.6,0,0,-1.00E+07,0,-428,0,0,0,FAIL
362,2023-04-06 19:24:07,1.98,291.6,-1,0,0,0,0,-65.5,0,0,-1.00E+07,0,-428,0,0,0,FAIL
363,2023-04-06 19:24:08,1.95,291.49,-1,0,0,0,0,-65.5,0,0,-1.00E+07,0,-428,0,0,0,FAIL
364,2023-04-06 19:24:09,1.94,291.36,-1,0,0,0,0,-65.6,0,0,-1.00E+07,0,-428,0,0,0,FAIL
365,2023-04-06 19:24:10,1.92,291.21,-1,0,0,0,0,-65.6,0,0,-1.00E+07,0,-428,0,0,0,FAIL
366,2023-04-06 19:24:11,1.9,291.09,-1,0,0,0,0,-65.5,0,0,-1.00E+07,0,-428,0,0,0,FAIL
367,2023-04-06 19:24:12,1.88,290.96,-1,0,0,0,0,-65.5,0,0,-1.00E+07,0,-428,0,0,0,FAIL
368,2023-04-06 19:24:13,1.86,290.84,-1,0,0,0,0,-65.5,0,0,-1.00E+07,0,-428,0,0,0,FAIL
369,2023-04-06 19:24:14,1.84,290.7,-1,0,0,0,0,-65.6,0,0,-1.00E+07,0,-428,0,0,0,FAIL
370,2023-04-06 19:24:15,1.82,290.57,-1,0,0,0,0,-65.5,0,0,-1.00E+07,0,-428,0,0,0,FAIL
371,2023-04-06 19:24:16,1.8,290.43,-1,0,0,0,0,-65.6,0,0,-1.00E+07,0,-428,0,0,0,FAIL
372,2023-04-06 19:24:17,1.78,290.31,-1,0,0,0,0,-65.5,0,0,-1.00E+07,0,-428,0,0,0,FAIL
373,2023-04-06 19:24:18,1.76,290.18,-1,0,0,0,0,-65.5,0,0,-1.00E+07,0,-428,0,0,0,FAIL
374,2023-04-06 19:24:19,1.73,290.05,-1,0,0,0,0,-65.6,0,0,-1.00E+07,0,-428,0,0,0,FAIL
375,2023-04-06 19:24:20,1.72,289.92,-1,0,0,0,0,-65.5,0,0,-1.00E+07,0,-428,0,0,0,FAIL
376,2023-04-06 19:24:21,1.7,289.79,-1,0,0,0,0,-65.5,0,0,-1.00E+07,0,-428,0,0,0,FAIL
377,2023-04-06 19:24:22,1.68,289.65,-1,0,0,0,0,-65.5,0,0,-1.00E+07,0,-428,0,0,0,FAIL
378,2023-04-06 19:24:23,1.66,289.52,-1,0,0,0,0,-65.4,0,0,-1.00E+07,0,-428,0,0,0,FAIL
379,2023-04-06 19:24:24,1.64,289.39,-1,0,0,0,0,-65.4,0,0,-1.00E+07,0,-428,0,0,0,FAIL
380,2023-04-06 19:24:25,1.62,289.26,-1,0,0,0,0,-65.5,0,0,-1.00E+07,0,-428,0,0,0,FAIL
381,2023-04-06 19:24:26,1.59,289.13,-1,0,0,0,0,-65.4,0,0,-1.00E+07,0,-428,0,0,0,FAIL
382,2023-04-06 19:24:27,1.57,289,-1,0,0,0,0,-65.5,0,0,-1.00E+07,0,-428,0,0,0,FAIL
383,2023-04-06 19:24:28,1.55,288.86,-1,0,0,0,0,-65.5,0,0,-1.00E+07,0,-428,0,0,0,FAIL
384,2023-04-06 19:24:29,1.53,288.73,-1,0,0,0,0,-65.4,0,0,-1.00E+07,0,-428,0,0,0,FAIL
385,2023-04-06 19:24:30,1.51,288.61,-1,0,0,0,0,-65.5,0,0,-1.00E+07,0,-428,0,0,0,FAIL
386,2023-04-06 19:24:31,1.49,288.48,-1,0,0,0,0,-65.5,0,0,-1.00E+07,0,-428,0,0,0,FAIL
387,2023-04-06 19:24:32,1.47,288.36,-1,0,0,0,0,-65.5,0,0,-1.00E+07,0,-428,0,0,0,FAIL
388,2023-04-06 19:24:33,1.44,288.23,-1,0,0,0,0,-65.4,0,0,-1.00E+07,0,-428,0,0,0,FAIL
389,2023-04-06 19:24:34,1.42,288.09,-1,0,0,0,0,-65.4,0,0,-1.00E+07,0,-428,0,0,0,FAIL
390,2023-04-06 19:24:35,1.41,287.96,-1,0,0,0,0,-65.5,0,0,-1.00E+07,0,-428,0,0,0,FAIL
391,2023-04-06 19:24:36,1.38,287.83,-1,0,0,0,0,-65.4,0,0,-1.00E+07,0,-428,0,0,0,FAIL
392,2023-04-06 19:24:37,1.35,287.7,-1,0,0,0,0,-65.4,0,0,-1.00E+07,0,-428,0,0,0,FAIL
393,2023-04-06 19:24:38,1.33,287.57,-1,0,0,0,0,-65.4,0,0,-1.00E+07,0,-428,0,0,0,FAIL
394,2023-04-06 19:24:39,1.31,287.44,-1,0,0,0,0,-65.4,0,0,-1.00E+07,0,-428,0,0,0,FAIL
395,2023-04-06 19:24:40,1.28,287.3,-1,0,0,0,0,-65.5,0,0,-1.00E+07,0,-428,0,0,0,FAIL
396,2023-04-06 19:24:41,1.26,287.18,-1,0,0,0,0,-65.5,0,0,-1.00E+07,0,-428,0,0,0,FAIL
397,2023-04-06 19:24:42,1.24,287.05,-1,0,0,0,0,-65.4,0,0,-1.00E+07,0,-428,0,0,0,FAIL
398,2023-04-06 19:24:43,1.22,286.93,-1,0,0,0,0,-65.4,0,0,-1.00E+07,0,-428,0,0,0,FAIL
399,2023-04-06 19:24:44,1.2,286.84,-1,0,0,0,0,-65.4,0,0,-1.00E+07,0,-428,0,0,0,FAIL
400,2023-04-06 19:24:45,1.17,286.72,-1,0,0,0,0,-65.4,0,0,-1.00E+07,0,-428,0,0,0,FAIL
401,2023-04-06 19:24:46,1.15,286.59,-1,0,0,0,0,-65.4,0,0,-1.00E+07,0,-428,0,0,0,FAIL
402,2023-04-06 19:24:47,1.13,286.47,-1,0,0,0,0,-65.4,0,0,-1.00E+07,0,-428,0,0,0,FAIL
403,2023-04-06 19:24:48,1.1,286.36,-1,0,0,0,0,-65.4,0,0,-1.00E+07,0,-428,0,0,0,FAIL
404,2023-04-06 19:24:49,1.08,286.23,-1,0,0,0,0,-65.4,0,0,-1.00E+07,0,-428,0,0,0,FAIL
405,2023-04-06 19:24:50,1.06,286.12,-1,0,0,0,0,-65.5,0,0,-1.00E+07,0,-428,0,0,0,FAIL
406,2023-04-06 19:24:51,1.03,286,-1,0,0,0,0,-65.4,0,0,-1.00E+07,0,-428,0,0,0,FAIL
407,2023-04-06 19:24:52,1.01,285.88,-1,0,0,0,0,-65.5,0,0,-1.00E+07,0,-428,0,0,0,FAIL
408,2023-04-06 19:24:53,0.98,285.75,-1,0,0,0,0,-65.4,0,0,-1.00E+07,0,-428,0,0,0,FAIL
409,2023-04-06 19:24:54,0.95,285.63,-1,0,0,0,0,-65.4,0,0,-1.00E+07,0,-428,0,0,0,FAIL
410,2023-04-06 19:24:55,0.94,285.51,-1,0,0,0,0,-65.5,0,0,-1.00E+07,0,-428,0,0,0,FAIL
411,2023-04-06 19:24:56,0.91,285.4,-1,0,0,0,0,-65.4,0,0,-1.00E+07,0,-428,0,0,0,FAIL
412,2023-04-06 19:24:57,0.89,285.28,-1,0,0,0,0,-65.4,0,0,-1.00E+07,0,-428,0,0,0,FAIL
413,2023-04-06 19:24:58,0.86,285.15,-1,0,0,0,0,-65.4,0,0,-1.00E+07,0,-428,0,0,0,FAIL
414,2023-04-06 19:24:59,0.84,285.03,-1,0,0,0,0,-65.4,0,0,-1.00E+07,0,-428,0,0,0,FAIL
415,2023-04-06 19:25:00,0.81,284.91,-1,0,0,0,0,-65.4,0,0,-1.00E+07,0,-428,0,0,0,FAIL
416,2023-04-06 19:25:01,0.79,284.79,-1,0,0,0,0,-65.3,0,0,-1.00E+07,0,-428,0,0,0,FAIL
417,2023-04-06 19:25:02,0.76,284.66,-1,0,0,0,0,-65.4,0,0,-1.00E+07,0,-428,0,0,0,FAIL
418,2023-04-06 19:25:03,0.73,284.55,-1,0,0,0,0,-65.4,0,0,-1.00E+07,0,-428,0,0,0,FAIL
419,2023-04-06 19:25:04,0.71,284.41,-1,0,0,0,0,-65.3,0,0,-1.00E+07,0,-428,0,0,0,FAIL
420,2023-04-06 19:25:05,0.69,284.29,-1,0,0,0,0,-65.2,0,0,-1.00E+07,0,-428,0,0,0,FAIL
421,2023-04-06 19:25:06,0.66,284.17,-1,0,0,0,0,-65.3,0,0,-1.00E+07,0,-428,0,0,0,FAIL
422,2023-04-06 19:25:07,0.64,284.05,-1,0,0,0,0,-65.3,0,0,-1.00E+07,0,-428,0,0,0,FAIL
423,2023-04-06 19:25:08,0.61,283.93,-1,0,0,0,0,-65.3,0,0,-1.00E+07,0,-428,0,0,0,FAIL
424,2023-04-06 19:25:09,0.59,283.81,-1,0,0,0,0,-65.3,0,0,-1.00E+07,0,-428,0,0,0,FAIL
425,2023-04-06 19:25:10,0.56,283.68,-1,0,0,0,0,-65.3,0,0,-1.00E+07,0,-428,0,0,0,FAIL
426,2023-04-06 19:25:11,0.53,283.57,-1,0,0,0,0,-65.3,0,0,-1.00E+07,0,-428,0,0,0,FAIL
427,2023-04-06 19:25:12,0.52,283.44,-1,0,0,0,0,-65.3,0,0,-1.00E+07,0,-428,0,0,0,FAIL
428,2023-04-06 19:25:13,0.48,283.32,-1,0,0,0,0,-65.4,0,0,-1.00E+07,0,-428,0,0,0,FAIL
429,2023-04-06 19:25:14,0.46,283.19,-1,0,0,0,0,-65.3,0,0,-1.00E+07,0,-428,0,0,0,FAIL
430,2023-04-06 19:25:15,0.43,283.1,-1,0,0,0,0,-65.3,0,0,-1.00E+07,0,-428,0,0,0,FAIL
431,2023-04-06 19:25:16,0.39,282.97,-1,0,0,0,0,-65.3,0,0,-1.00E+07,0,-428,0,0,0,FAIL
432,2023-04-06 19:25:17,0.38,282.85,-1,0,0,0,0,-65.3,0,0,-1.00E+07,0,-428,0,0,0,FAIL
433,2023-04-06 19:25:18,0.35,282.72,-1,0,0,0,0,-65.3,0,0,-1.00E+07,0,-428,0,0,0,FAIL
434,2023-04-06 19:25:19,0.32,282.61,-1,0,0,0,0,-65.3,0,0,-1.00E+07,0,-428,0,0,0,FAIL
435,2023-04-06 19:25:20,0.3,282.49,-1,0,0,0,0,-65.3,0,0,-1.00E+07,0,-428,0,0,0,FAIL
436,2023-04-06 19:25:21,0.27,282.36,-1,0,0,0,0,-65.2,0,0,-1.00E+07,0,-428,0,0,0,FAIL
437,2023-04-06 19:25:22,0.24,282.25,-1,0,0,0,0,-65.3,0,0,-1.00E+07,0,-428,0,0,0,FAIL
438,2023-04-06 19:25:23,0.22,282.15,-1,0,0,0,0,-65.3,0,0,-1.00E+07,0,-428,0,0,0,FAIL
439,2023-04-06 19:25:24,0.2,282.03,-1,0,0,0,0,-65.4,0,0,-1.00E+07,0,-428,0,0,0,FAIL
440,2023-04-06 19:25:25,0.17,281.91,-1,0,0,0,0,-65.4,0,0,-1.00E+07,0,-428,0,0,0,FAIL
441,2023-04-06 19:25:26,0.14,281.79,-1,0,0,0,0,-65.3,0,0,-1.00E+07,0,-428,0,0,0,FAIL
442,2023-04-06 19:25:27,0.12,281.67,-1,0,0,0,0,-65.3,0,0,-1.00E+07,0,-428,0,0,0,FAIL
443,2023-04-06 19:25:28,0.09,281.55,-1,0,0,0,0,-65.3,0,0,-1.00E+07,0,-428,0,0,0,FAIL
444,2023-04-06 19:25:29,0.06,281.43,-1,0,0,0,0,-65.3,0,0,-1.00E+07,0,-428,0,0,0,FAIL
445,2023-04-06 19:25:30,0.03,281.3,-1,0,0,0,0,-65.3,0,0,-1.00E+07,0,-428,0,0,0,FAIL
446,2023-04-06 19:25:31,0.01,281.15,-1,0,0,0,0,-65.3,0,0,-1.00E+07,0,-428,0,0,0,FAIL
447,2023-04-06 19:25:32,5.44,275.04,-1,0,0,0,0,-67.2,0,0,-1.00E+07,0,-428,0,0,0,FAIL
448,2023-04-06 19:25:33,15.34,258.8,-1,0,0,0,0,-68.5,0,0,-1.00E+07,0,-428,0,0,0,FAIL
449,2023-04-06 19:25:34,25.23,238.6,-1,0,0,0,0,-68.6,0,0,-1.00E+07,0,-428,0,0,0,FAIL
450,2023-04-06 19:25:35,35.14,218.41,-1,0,0,0,0,-68.8,0,0,-1.00E+07,0,-428,0,0,0,FAIL
451,2023-04-06 19:25:36,45.05,198.25,-1,0,0,0,0,-68.7,0,0,-1.00E+07,0,-428,0,0,0,FAIL
452,2023-04-06 19:25:37,54.96,185.02,-1,0,0,0,0,-63.2,0,0,-1.00E+07,0,-428,0,0,0,FAIL
453,2023-04-06 19:25:38,64.86,179.98,-1,0,0,0,0,-69,0,0,-1.00E+07,0,-428,0,0,0,FAIL
454,2023-04-06 19:25:39,75.76,179.99,-1,0,0,0,0,-69,0,0,-1.00E+07,0,-428,0,0,0,FAIL
455,2023-04-06 19:25:40,85.67,179.99,-1,0,0,0,0,-69,0,0,-1.00E+07,0,-428,0,0,0,FAIL
456,2023-04-06 19:25:41,89.98,179.99,-1,0,0,0,0,-69,0,0,-1.00E+07,0,-428,0,0,0,FAIL
457,2023-04-06 19:25:42,89.99,179.99,-1,0,0,0,0,-69,0,0,-1.00E+07,0,-428,0,0,0,FAIL
458,2023-04-06 19:25:43,89.99,179.99,-1,0,0,0,0,-69,0,0,-1.00E+07,0,-428,0,0,0,FAIL
459,2023-04-06 19:25:44,89.99,179.99,-1,0,0,0,0,-69,0,0,-1.00E+07,0,-428,0,0,0,FAIL
460,2023-04-06 19:25:45,89.99,179.99,-1,0,0,0,0,-69,0,0,-1.00E+07,0,-428,0,0,0,FAIL
#,,,,,,,,,,,,,,,,,,